oligo,forward_index_seq,reverse_complement
TruSeq_Un1,ATCACG,CGTGAT
TruSeq_Un2,ACTTGA,TCAAGT
TruSeq_Un3,TAGCTT,AAGCTA
TruSeq_Un4,GGCTAC,GTAGCC
TruSeq_Un5,TTAGGC,GCCTAA
TruSeq_Un6,CGATGT,ACATCG
ILL-BC23,CCACTC,GAGTGG
ILL-BC24,GCTACC,GGTAGC
ILL-BC25,ATCAGT,ACTGAT
ILL-BC26,GCTCAT,ATGAGC
ILL-BC27,AGGAAT,ATTCCT
ILL-BC28,CTTTTG,CAAAAG
ILL-BC29,TAGTTG,CAACTA
ILL-BC30,CCGGTG,CACCGG
ILL-BC31,ATCGTG,CACGAT
ILL-BC32,TGAGTG,CACTCA
ILL-BC33,CGCCTG,CAGGCG
ILL-BC34,GCCATG,CATGGC
ILL-BC35,AAAATG,CATTTT
ILL-BC36,TGTTGG,CCAACA
ILL-BC37,ATTCCG,CGGAAT
ILL-BC38,AGCTAG,CTAGCT
ILL-BC39,GTATAG,CTATAC
ILL-BC40,TCTGAG,CTCAGA
ILL-BC41,GTCGTC,GACGAC
ILL-BC42,TAGCGC,GCGCTA
ILL-BC43,CGATTA,TAATCG
ILL-BC44,GCTGTA,TACAGC
ILL-BC45,ATTATA,TATAAT
ILL-BC46,GAATGA,TCATTC
ILL-BC47,TCGGGA,TCCCGA
ILL-BC48,CTTCGA,TCGAAG
ILL-BC49,TGCCGA,TCGGCA
ILL-BC50,GTGTTT,AAACAC
ILL-BC51,CCTTCA,TGAAGG
ILL-BC52,TATGTT,AACATA
ILL-BC53,GACGCG,CGCGTC
ILL-BC54,TGTATC,GATACA
ILL-BC55,CACACC,GGTGTG
ILL-BC56,TTCTTA,TAAGAA
ILL-BC57,CTCGCT,AGCGAG
ILL-BC58,TAACCG,CGGTTA
ILL-BC59,AAAGCT,AGCTTT
ILL-BC60,AGACCA,TGGTCT
ILL-BC61,GGGATA,TATCCC
ILL-BC62,ACGACA,TGTCGT
ILL-BC63,GTGGGG,CCCCAC
ILL-BC64,TCGTAT,ATACGA
ILL-BC65,CAAGGG,CCCTTG
ILL-BC66,GCCGGT,ACCGGC
ILL-BC67,CAGTAA,TTACTG
ILL-BC68,AGTTCC,GGAACT
ILL-BC69,AATAAC,GTTATT
ILL-BC70,ACTTTT,AAAAGT
ILL-BC71,TCCCTT,AAGGGA
ILL-BC72,ATACTT,AAGTAT
ILL-BC73,AGATGT,ACATCT
ILL-BC74,AATCGT,ACGATT
ILL-BC75,CGGCGT,ACGCCG
ILL-BC76,GAGAGT,ACTCTC
ILL-BC77,GATTCT,AGAATC
ILL-BC78,CCCAAT,ATTGGG
ILL-BC79,ACGCGG,CCGCGT
ILL-BC80,AGGGCG,CGCCCT
ILL-BC81,CTGCAG,CTGCAG
ILL-BC82,AACTTC,GAAGTT
ILL-BC83,GGGTGC,GCACCC
ILL-BC84,TCCTGC,GCAGGA
ILL-BC85,CGCGGC,GCCGCG
ILL-BC86,ACCGCC,GGCGGT
ILL-BC87,TAATAC,GTATTA
ILL-BC88,CACGTA,TACGTG
ILL-BC89,ATGTGA,TCACAT
ILL-BC90,TATAGA,TCTATA
ILL-BC91,TTTGCA,TGCAAA
ILL-BC92,GTGCCA,TGGCAC
ILL-BC93,CTAACA,TGTTAG
ILL-BC94,ATAGAA,TTCTAT